fps,frametime,cpu_load,cpu_power,gpu_load,cpu_temp,gpu_temp,gpu_core_clock,gpu_mem_clock,gpu_vram_used,gpu_power,ram_used,swap_used,process_rss,cpu_mhz,elapsed
74.185,13.4798,31.9739,0,94,65,60,1836,875,5.4637,102,4.45079,0,2.24182,4341,1310436741
73.7922,13.5516,32.5083,0,97,65,60,1840,875,5.46484,101,4.41542,0,2.21583,4341,2310554845
75.7844,13.1953,31.7881,0,97,65,61,1841,875,5.41039,96,4.40749,0,2.2292,4339,3310612396
70.9776,14.0889,31.6832,0,97,65,61,1841,875,5.411,99,4.40829,0,2.22937,4350,4310662263
72.3769,13.8166,31.1881,0,96,65,61,1842,875,5.41177,96,4.4023,0,2.22947,4341,5310724362
74.7491,13.3781,31.6993,0,98,65,61,1838,875,5.41332,108,4.40052,0,2.22964,4341,6310796620
75.1384,13.3088,31.4476,0,97,66,61,1842,875,5.41424,96,4.3936,0,2.22976,4341,7311007860
74.7587,13.3764,31.5436,0,98,66,61,1839,875,5.41447,103,4.38451,0,2.23035,4341,8311071292
68.9356,14.5063,32.5581,0,98,66,62,1838,875,5.51001,106,4.42432,0,2.26343,4316,9311125907
69.2663,14.437,31.5702,0,98,66,62,1839,875,5.41713,106,4.42426,0,2.26005,4316,10311185291
69.9366,14.2987,29.6053,0,98,66,62,1840,875,5.48072,107,4.42517,0,2.25531,4320,11311237322
70.619,14.1605,30.0336,0,98,66,62,1838,875,5.48113,107,4.42286,0,2.25328,4336,12311288591
71.4489,13.996,29.8013,0,98,66,62,1836,875,5.48159,106,4.42156,0,2.25363,4316,13311340371
69.9861,14.2885,30.5882,0,98,66,63,1841,875,5.51364,106,4.42087,0,2.25034,4316,14311393684
71.7488,13.9375,30.6425,0,98,66,63,1835,875,5.48217,105,4.42748,0,2.25271,4345,15311445123
72.0739,13.8747,31.0924,0,98,66,63,1841,875,5.48257,105,4.41016,0,2.24495,4341,16311497394
74.1066,13.4941,33.9315,0,98,66,63,1837,875,5.48318,102,4.4266,0,2.25776,4336,17311551999
75.5226,13.2411,34.0461,0,98,66,63,1840,875,5.54608,100,4.41235,0,2.24578,4345,18311604430
76.8916,13.0053,37.9195,0,95,66,63,1836,875,5.67988,107,4.41921,0,2.24987,4316,19311657332
75.8123,13.1905,35.3434,0,97,66,64,1834,875,5.85713,102,4.43546,0,2.27801,4316,20311707800
76.6431,13.0475,32.4013,0,98,66,64,1837,875,5.90045,107,4.45093,0,2.27678,4347,21311756274
81.3434,12.2936,31.3659,0,97,66,64,1837,875,5.94772,105,4.46551,0,2.27076,4320,22311805880
83.2896,12.0063,32.0598,0,97,66,64,1838,875,5.97116,108,4.4385,0,2.23668,4369,23311860745
86.875,11.5108,33.2226,0,96,66,64,1671,875,6.10566,107,4.47781,0,2.2924,4304,24311912926
86.1084,11.6133,29.5868,0,97,66,64,1836,875,6.22811,107,4.48986,0,2.29641,4341,25311964957
74.7308,13.3814,30.2829,0,98,66,65,1835,875,6.14338,107,4.46358,0,2.28022,4316,26312029851
71.8985,13.9085,31.9933,0,98,66,65,1838,875,6.11602,107,4.43552,0,2.25692,4341,27312133078
73.4532,13.6141,32.1252,0,98,66,65,1840,875,6.18632,108,4.43697,0,2.25443,4316,28312184076
76.3463,13.0982,34.2237,0,97,66,65,1838,875,6.27817,106,4.46719,0,2.27192,4366,29312194158
77.6311,12.8814,32.3967,0,99,67,65,1834,875,6.25909,113,4.51325,0,2.28374,4341,30312246198
83.7738,11.9369,31.614,0,94,67,65,1836,875,6.25995,106,4.51842,0,2.30057,4360,31312299912
86.9111,11.506,29.064,0,89,66,65,1838,875,6.25229,103,4.50428,0,2.29457,4341,32312350179
82.2985,12.1509,31.3953,0,98,66,66,1837,875,6.33057,109,4.49907,0,2.29366,4341,33312408632
78.1348,12.7984,36.4548,0,97,66,66,1832,875,6.41048,102,4.52131,0,2.32,4297,34312459730
83.3183,12.0022,32.2259,0,90,66,66,1806,875,6.48638,102,4.52916,0,2.33105,4341,35312512352
86.4032,11.5737,32.8926,0,91,67,66,1838,875,6.51526,101,4.5074,0,2.30766,4316,36312565845
88.5156,11.2974,32.1192,0,98,67,66,1837,875,6.47121,107,4.51115,0,2.30602,4338,37312619539
90.8902,11.0023,39.2027,0,97,67,66,1839,875,6.48224,108,4.58994,0,2.35641,4291,38312678532
87.334,11.4503,38.5124,0,98,67,66,1841,875,6.60382,108,4.58849,0,2.37107,4291,39312684336
90.7681,11.0171,31.7647,0,95,67,66,1839,875,6.60004,106,4.5791,0,2.35173,4341,40312737879
91.3089,10.9518,32.6797,0,98,67,66,1837,875,6.6026,108,4.57709,0,2.35045,4316,41312793065
92.612,10.7977,27.8798,0,93,67,66,1837,875,6.63866,95,4.59727,0,2.36088,4341,42312806062
94.0071,10.6375,28.4298,0,98,67,66,1839,875,6.63857,109,4.59445,0,2.36094,4318,43312870236
89.1713,11.2144,30.7309,0,97,67,67,1840,875,6.65097,107,4.58003,0,2.34405,4341,44312925452
93.3927,10.7075,29.1118,0,97,67,67,1834,875,6.65268,109,4.57352,0,2.34405,4320,45312977212
91.0618,10.9816,28.6195,0,98,67,67,1836,875,6.65478,110,4.59391,0,2.35928,4341,46313030264
59.9226,16.6882,27.7597,0,75,67,65,1366,875,6.65981,58,4.57392,0,2.3456,4338,47313082555
59.8282,16.7145,31.7568,0,79,67,65,1345,875,6.72668,65,4.59422,0,2.38069,4291,48313133955
59.9029,16.6937,29.6774,0,80,67,65,1281,875,6.81873,66,4.56627,0,2.35521,4341,49313187648
59.9519,16.68,29.3333,0,78,67,65,1171,875,6.87166,63,4.56692,0,2.34948,4338,50313240530
60.0978,16.6395,29.2484,0,79,67,64,1198,875,6.80697,62,4.55984,0,2.34702,4318,51313292370
59.8461,16.7095,27.541,0,79,67,65,1115,875,6.80912,69,4.56115,0,2.3521,4338,52313344200
59.8813,16.6997,28.3172,0,79,67,64,1439,875,6.82581,64,4.55848,0,2.34777,4341,53313397563
60.016,16.6622,29.6482,0,80,67,65,1546,875,6.81999,67,4.58392,0,2.38413,4294,54313451477
59.9627,16.677,31.7742,0,80,67,65,1513,875,6.8209,70,4.5829,0,2.38259,4316,55313501444
59.8215,16.7164,29.8869,0,79,67,65,1373,875,6.82251,66,4.58926,0,2.38639,4338,56313553154
59.8685,16.7033,28.4314,0,79,67,64,1396,875,6.82297,64,4.59229,0,2.38881,4338,57313596989
59.808,16.7202,28.7395,0,79,67,65,1203,875,6.81623,64,4.59263,0,2.39561,4344,58313646915
59.9247,16.6876,30.3333,0,83,67,65,1326,875,6.85606,73,4.60215,0,2.40055,4334,59313700448
59.8489,16.7087,27.9483,0,78,67,64,1403,875,6.84924,60,4.60786,0,2.40197,4317,60313751407
59.8921,16.6967,27.8768,0,80,67,64,1434,875,6.85751,61,4.61446,0,2.40109,4341,61313803928
59.8521,16.7078,28.013,0,80,67,64,1461,875,6.8503,67,4.60963,0,2.40235,4338,62313854215
59.8751,16.7014,27.9412,0,79,67,65,1451,875,6.85099,66,4.60617,0,2.40198,4318,63313907959
59.8771,16.7009,29.8046,0,79,67,64,1326,875,6.84409,65,4.60279,0,2.40366,4317,64313961653
59.9034,16.6935,33.3333,0,80,67,65,1367,875,6.99725,76,4.61863,0,2.4183,4316,65314023111
59.8534,16.7075,31.6129,0,80,67,65,1341,875,7.00613,73,4.61205,0,2.41242,4316,66314076424
59.8782,16.7006,31.1793,0,83,67,65,1359,875,7.00734,78,4.60385,0,2.39556,4317,67314147881
59.7809,16.7277,31.5113,0,81,67,65,1737,875,6.97702,73,4.6089,0,2.40376,4316,68314201544
59.7485,16.7368,30.2439,0,80,67,65,1550,875,6.97779,72,4.61398,0,2.40321,4317,69314253815
59.888,16.6978,30.9179,0,79,67,65,1513,875,6.99764,68,4.60982,0,2.40248,4316,70314306797
60.3095,16.5811,34.2857,0,82,67,65,1404,875,7.11099,71,4.634,0,2.42159,4291,71314363386
59.5058,16.8051,32.899,0,82,67,65,1631,875,7.08995,79,4.64425,0,2.43832,4291,72314431757
59.9784,16.6727,31.1183,0,84,67,65,1582,875,7.07511,80,4.65828,0,2.42699,4318,73314489549
59.8504,16.7083,31.4516,0,82,67,65,1500,875,7.07598,78,4.65659,0,2.42933,4316,74314539696
59.9034,16.6935,30.8333,0,81,67,65,1528,875,7.1078,78,4.65448,0,2.4286,4317,75314590734
59.8164,16.7178,31.9398,0,82,67,66,1493,875,7.10804,79,4.62785,0,2.40649,4320,76314644488
59.8963,16.6955,30.7942,0,82,67,65,1553,875,7.14034,79,4.70244,0,2.44505,4336,77314699484
58.5766,17.0717,27.3312,0,82,67,66,1259,875,7.09403,76,4.69161,0,2.44511,4341,78314733641
59.9069,16.6926,35.1792,0,86,67,66,1377,875,7.1086,90,4.64111,0,2.41589,4341,79314786232
59.8084,16.7201,31.5271,0,83,67,66,1450,875,7.14902,85,4.60402,0,2.37127,4304,80314841338
59.8891,16.6975,32.2581,0,81,67,66,1449,875,7.05629,79,4.55047,0,2.31339,4316,81314898569
59.9165,16.6899,29.4976,0,80,67,66,1467,875,6.95531,74,4.54181,0,2.31833,4331,82314951030
61.0675,16.3753,29.6482,0,78,67,66,1556,875,6.95578,72,4.53945,0,2.3154,4317,83315004182
59.7015,16.75,34.4942,0,82,67,66,1348,875,6.92469,77,4.57104,0,2.3667,4266,84315056423
59.8531,16.7076,29.7114,0,82,67,66,1531,875,6.96436,81,4.55235,0,2.33046,4318,85315110257
59.9112,16.6914,28.9216,0,81,67,66,1756,875,6.93327,78,4.54937,0,2.32903,4339,86315163269
59.6097,16.7758,31.6393,0,80,67,66,1517,875,6.96865,72,4.53805,0,2.31555,4326,87315218826
59.8763,16.7011,30.4348,0,81,67,65,1804,875,7.0344,72,4.50997,0,2.28228,4316,88315270396
59.8211,16.7165,28.5484,0,81,67,66,1589,875,7.00315,79,4.50718,0,2.2804,4316,89315328758
59.8359,16.7124,28.6634,0,83,67,66,1382,875,7.00362,77,4.50373,0,2.28056,4318,90315376972
59.7968,16.7233,28.5251,0,83,67,66,1498,875,7.04872,85,4.50151,0,2.28111,4339,91315430124
59.7263,16.7431,28.0467,0,84,67,66,1503,875,7.04098,86,4.49928,0,2.28692,4331,92315482455
59.7208,16.7446,28.013,0,84,67,67,1472,875,7.07143,90,4.49743,0,2.2977,4316,93315535738
59.8328,16.7132,29.4023,0,84,67,67,1763,875,7.06377,89,4.47331,0,2.27642,4316,94315589622
60.074,16.6461,28.9474,0,82,67,67,1634,875,7.04741,86,4.47239,0,2.28067,4338,95315644427
59.9103,16.6916,28.5714,0,87,67,67,1682,875,7.037,94,4.47226,0,2.28077,4316,96315703351
59.7606,16.7334,29.8077,0,86,67,67,1645,875,7.02952,93,4.47024,0,2.2812,4316,97315757255
59.8604,16.7055,28.9298,0,85,67,67,1543,875,7.02375,92,4.46794,0,2.28128,4340,98315812131
59.887,16.6981,29.2407,0,84,67,67,1581,875,7.0243,90,4.46775,0,2.2815,4342,99315865814
59.7918,16.7247,29.2407,0,85,67,67,1741,875,7.02494,91,4.46731,0,2.28162,4316,100315919979
59.7735,16.7298,29.9674,0,81,67,67,1380,875,6.89062,77,4.4695,0,2.28562,4316,101315974824
59.9425,16.6827,30.6581,0,80,67,67,1456,875,6.89085,77,4.46782,0,2.28406,4320,102316030241
59.8933,16.6964,29.8387,0,83,68,67,1485,875,6.88763,78,4.46981,0,2.28598,4317,103316083283
58.3759,17.1304,29.7659,0,82,68,67,1421,875,6.91927,79,4.47311,0,2.28875,4316,104316135504
59.7406,16.739,33.9837,0,86,68,67,1391,875,6.94938,85,4.4922,0,2.29068,4341,105316192153
59.7255,16.7433,31.2298,0,83,68,67,1315,875,6.89604,84,4.49383,0,2.28817,4316,106316248121
59.8671,16.7037,37.7023,0,82,68,67,1513,875,6.99055,82,4.5865,0,2.33159,4316,107316303338
59.9038,16.6934,31.3409,0,83,68,67,1730,875,7.01376,82,4.58247,0,2.3307,4316,108316357111
59.8647,16.7043,30.21,0,82,68,67,1737,875,7.04469,82,4.58197,0,2.33378,4316,109316400926
59.8657,16.704,29.7386,0,82,68,67,1734,875,6.97552,82,4.57281,0,2.33327,4316,110316454800
59.7925,16.7245,30.1347,0,83,68,67,1528,875,6.98417,83,4.5609,0,2.33063,4317,111316507101
59.7761,16.7291,34.7967,0,85,68,67,1679,875,7.00686,89,4.60481,0,2.37737,4316,112316560264
59.8266,16.715,36.953,0,87,68,67,1608,875,7.07848,91,4.60406,0,2.36887,4291,113316620079
59.8252,16.7154,31.7152,0,83,68,67,1566,875,7.07333,82,4.58296,0,2.34974,4341,114316662802
59.8914,16.6969,29.0113,0,82,68,67,1412,875,6.92801,81,4.58239,0,2.34851,4316,115316718750
59.8626,16.7049,29.4599,0,82,68,67,1335,875,6.93779,79,4.5718,0,2.34826,4316,116316771351
58.5567,17.0775,30.5648,0,81,68,67,1724,875,7.06564,86,4.57407,0,2.34713,4316,117316827219
60.7496,16.461,31.9936,0,83,68,67,1545,875,7.0927,82,4.56968,0,2.35855,4316,118316881373
60.3622,16.5667,32.0786,0,83,68,68,1717,875,7.06553,84,4.56688,0,2.34974,4365,119316933644
60.1441,16.6267,34.6906,0,82,68,67,1448,875,7.06585,83,4.57373,0,2.36646,4282,120316981026
60.1025,16.6382,30.0813,0,80,68,67,1435,875,7.0346,76,4.57154,0,2.3613,4321,121317036924
60.1149,16.6348,30.0485,0,82,68,67,1642,875,7.00335,78,4.57132,0,2.35691,4317,122317094023
60.147,16.6259,33.0645,0,83,68,68,1710,875,7.12054,86,4.54216,0,2.33939,4316,123317150021
60.0438,16.6545,31.664,0,86,68,68,1707,875,7.08611,91,4.57359,0,2.35378,4316,124317202813
60.3456,16.5712,30.1303,0,82,68,68,1605,875,7.08662,83,4.57661,0,2.35421,4316,125317263129
60.0866,16.6426,29.5455,0,83,68,68,1527,875,7.17647,82,4.57605,0,2.35149,4310,126317306503
60.0335,16.6574,54.5008,0,82,68,68,1494,875,7.23232,79,4.67893,0,2.41635,4291,127317359676
60.0431,16.6547,33.0113,0,81,68,68,1448,875,7.22362,77,4.68267,0,2.416,4316,128317420573
60.1261,16.6317,30,0,81,68,67,1441,875,7.26653,77,4.66695,0,2.41111,4316,129317496038
60.1039,16.6379,31.0518,0,80,68,67,1271,875,7.28304,73,4.6555,0,2.40979,4316,130317550392
59.9994,16.6668,38.6667,0,80,68,67,1585,875,7.28716,73,4.66147,0,2.43235,4284,131317607182
60.1833,16.6159,33.1658,0,79,68,67,1365,875,7.40606,71,4.69046,0,2.43736,4316,132317672597
60.0385,16.656,31.3694,0,78,68,67,1567,875,7.30524,64,4.69071,0,2.43002,4316,133317728154
60.0515,16.6524,30.4202,0,80,68,67,1559,875,7.30462,68,4.67779,0,2.42823,4297,134317812816
59.929,16.6864,34.0033,0,80,68,67,1666,875,7.40135,72,4.62375,0,2.40142,4269,135317871990
60.1521,16.6245,32.2476,0,81,68,67,1702,875,7.35178,79,4.63577,0,2.39791,4316,136317931705
60.1844,16.6156,30.4839,0,81,68,68,1622,875,7.35512,77,4.64285,0,2.41138,4316,137317977373
60.1111,16.6359,31.3002,0,79,68,67,1431,875,7.41961,61,4.64466,0,2.40562,4316,138318028482
60.1198,16.6335,28.7879,0,80,68,66,1150,875,7.38118,55,4.63877,0,2.39349,4316,139318079791
60.0174,16.6618,32.1951,0,79,68,66,1174,875,7.41334,54,4.62968,0,2.39616,4338,140318133835
60.0027,16.6659,29.8532,0,79,68,66,1215,875,7.4302,55,4.61806,0,2.39325,4316,141318186317
60.0752,16.6458,29.9674,0,79,68,66,1257,875,7.4973,56,4.60322,0,2.38729,4293,142318232556
60.1443,16.6267,28.7854,0,79,68,66,1271,875,7.47891,56,4.59607,0,2.37879,4316,143318289135
60.0209,16.6609,28.5714,0,79,68,66,1214,875,7.48013,56,4.59245,0,2.37772,4316,144318341927
60.1162,16.6345,29.4118,0,79,68,66,1167,875,7.48128,54,4.59072,0,2.37962,4319,145318395270
60.0361,16.6567,31.759,0,78,68,66,1375,875,7.5361,56,4.60118,0,2.40135,4338,146318453021
60.1151,16.6348,29.4686,0,79,68,66,1300,875,7.54959,57,4.60246,0,2.39477,4310,147318514429
60.1223,16.6328,32.6861,0,79,68,66,1417,875,7.56306,61,4.58011,0,2.37066,4298,148318575487
60.0804,16.6444,29.6117,0,81,68,67,1455,875,7.58824,74,4.57589,0,2.3694,4315,149318626926
60.1245,16.6322,30.5141,0,81,68,67,1432,875,7.72721,79,4.57447,0,2.36525,4316,150318691270
61.1392,16.3561,30.5648,0,80,68,67,1298,875,7.73654,74,4.56626,0,2.3328,4316,151318758038
60.1712,16.6192,32.7896,0,82,68,67,1608,875,7.80964,79,4.56952,0,2.34254,4317,152318810249
60.078,16.645,29.1935,0,83,68,67,1337,875,7.7907,85,4.57387,0,2.34882,4316,153318866056
60.188,16.6146,30.2251,0,81,68,67,1641,875,7.74182,79,4.57113,0,2.35145,4316,154318926292
60.1076,16.6368,28.3871,0,80,68,67,1448,875,7.73443,75,4.56488,0,2.35185,4316,155318987640
60.9698,16.4016,28.5024,0,80,68,67,1361,875,7.60084,63,4.55976,0,2.34671,4321,156319048176
60.0596,16.6501,30.5648,0,79,68,67,1316,875,7.6871,65,4.56371,0,2.34951,4327,157319118772
60.0159,16.6623,28.871,0,79,68,67,1177,875,7.59395,65,4.56386,0,2.34485,4335,158319187283
60.1144,16.635,30.7309,0,78,68,67,1688,875,7.59531,71,4.56265,0,2.35393,4317,159319246547
60.0569,16.6509,30.0654,0,82,68,67,1575,875,7.62672,80,4.56015,0,2.35337,4301,160319296995
60.0176,16.6618,31.6054,0,82,68,68,1595,875,7.62788,80,4.54742,0,2.3489,4296,161319349556
60.0963,16.64,31.9936,0,81,69,68,1508,875,7.64367,77,4.55662,0,2.35487,4316,162319403240
59.9945,16.6682,33.44,0,81,69,68,1560,875,7.64346,79,4.56077,0,2.36428,4342,163319455080
60.0078,16.6645,32.6367,0,83,69,68,1493,875,7.85629,84,4.55866,0,2.36069,4317,164319511047
60.0537,16.6518,30.3371,0,83,69,68,1355,875,7.85907,85,4.55949,0,2.35445,4324,165319578597
60.1143,16.635,29.7254,0,81,69,68,1701,875,7.85505,83,4.55834,0,2.35326,4327,166319688005
60.1438,16.6268,29.3076,0,81,69,67,1585,875,7.78583,76,4.55714,0,2.35328,4316,167319746358
60.1211,16.6331,29.695,0,81,69,68,1416,875,7.80059,75,4.55394,0,2.3563,4322,168319811944
60.0733,16.6463,31,0,82,69,68,1442,875,7.66842,81,4.55055,0,2.35616,4316,169319874784
60.0269,16.6592,34.584,0,93,69,69,1723,875,7.96604,101,4.60168,0,2.38191,4278,170319933127
60.0528,16.652,29.3831,0,89,69,69,1824,875,7.83463,102,4.58099,0,2.35365,4323,171320241759
60.062,16.6495,30.9904,0,90,69,69,1818,875,7.83648,103,4.57825,0,2.35366,4354,172320302716
59.9843,16.671,29.6774,0,90,69,70,1813,875,7.83786,103,4.57324,0,2.35373,4320,173320366178
60.0428,16.6548,29.6482,0,91,69,70,1811,875,7.83946,104,4.56894,0,2.35371,4316,174320420994
60.0006,16.6665,30.6156,0,96,69,70,1841,875,7.84073,109,4.56257,0,2.35263,4316,175320491279
60.2609,16.5945,29.1326,0,97,69,70,1839,875,7.84162,110,4.55619,0,2.35274,4316,176320557135
60.1657,16.6208,30.4207,0,97,69,70,1834,875,7.84241,109,4.55444,0,2.35285,4316,177320627330
60.0195,16.6612,30.1459,0,97,69,71,1836,875,7.84377,109,4.55345,0,2.35287,4291,178320690040
60.0309,16.6581,29.6296,0,96,68,70,1839,875,7.84518,109,4.55143,0,2.35287,4316,179320734797
60.1905,16.6139,29.511,0,96,68,71,1842,875,7.8462,108,4.54946,0,2.35287,4316,180320814449
58.6961,17.0369,30.6291,0,97,68,71,1832,875,7.847,109,4.54992,0,2.35281,4316,181320844619
58.6258,17.0573,30.6688,0,98,68,71,1837,875,7.84803,111,4.55019,0,2.35284,4316,182320899945
59.3603,16.8463,30.3333,0,98,68,71,1836,875,7.84899,110,4.55074,0,2.35287,4305,183320956585
60.1595,16.6225,29.316,0,97,69,71,1840,875,7.84964,110,4.55081,0,2.35287,4316,184321011200
60.0008,16.6664,27.8317,0,87,68,71,1681,875,7.87105,99,4.56311,0,2.36069,4302,185321067468
60.0766,16.6454,29.1465,0,90,68,71,1808,875,7.9229,104,4.56691,0,2.36885,4314,186321119950
60.0195,16.6612,28.7805,0,97,68,71,1834,875,7.94308,110,4.63406,0,2.39462,4315,187321174505
60.4264,16.5491,31.9468,0,95,69,72,1832,875,7.86771,108,4.63536,0,2.39521,4266,188321233598
59.9994,16.6668,30.1303,0,91,69,72,1816,875,7.93948,104,4.6296,0,2.39151,4317,189321298824
60.1561,16.6234,27.9675,0,92,68,72,1806,875,7.84184,106,4.63036,0,2.3916,4302,190321354150
60.0123,16.6633,27.7325,0,93,68,72,1748,875,7.84186,106,4.62973,0,2.3919,4316,191321378018
60.0657,16.6484,29.1866,0,91,68,72,1824,875,7.84187,105,4.62827,0,2.39171,4316,192321431080
60.0082,16.6644,30.3226,0,89,68,72,1826,875,7.89748,103,4.63797,0,2.40409,4291,193321483912
59.998,16.6672,27.2727,0,89,68,72,1783,875,7.92484,103,4.65214,0,2.40264,4316,194321537215
59.9988,16.667,26.601,0,89,68,72,1730,875,7.91704,103,4.65157,0,2.40264,4316,195321592311
60.0533,16.6519,26.6776,0,88,68,72,1688,875,7.90592,101,4.65081,0,2.40264,4316,196321651746
60.0303,16.6582,30.9951,0,89,68,72,1670,875,7.91899,101,4.61486,0,2.37708,4316,197321710509
59.9315,16.6857,28.96,0,91,68,72,1824,875,7.89947,105,4.61611,0,2.3772,4315,198321763551
59.9839,16.6712,27.8502,0,92,68,72,1806,875,7.89949,107,4.60453,0,2.37324,4316,199321818186
59.9893,16.6696,27.242,0,91,68,72,1717,875,7.89964,105,4.6057,0,2.37324,4316,200321872892
60.1607,16.6221,27.8956,0,91,68,73,1639,875,7.89965,104,4.60594,0,2.37324,4318,201321927908
60.0827,16.6437,29.7837,0,92,68,72,1828,875,7.89965,106,4.60707,0,2.37343,4316,202321980139
60.0268,16.6592,28.7097,0,92,68,72,1824,875,7.90168,106,4.60706,0,2.37338,4316,203322018113
60.0556,16.6512,28.2927,0,93,68,73,1821,875,7.90168,107,4.6078,0,2.37338,4316,204322071716
60.0286,16.6587,28.0844,0,93,68,73,1815,875,7.90168,106,4.6074,0,2.37338,4307,205322126271
60.219,16.606,29.7254,0,87,68,72,1408,875,7.82777,92,4.59412,0,2.3618,4293,206322181097
59.9873,16.6702,30.6321,0,80,68,71,1338,875,7.70134,76,4.61248,0,2.37616,4316,207322237245
60.0398,16.6556,31.5113,0,81,69,72,1425,875,7.70931,80,4.61438,0,2.37791,4299,208322295117
60.0989,16.6392,28.2468,0,80,69,71,1758,875,7.74815,79,4.61045,0,2.37655,4316,209322371112
60.0869,16.6426,30.5958,0,79,69,71,1494,875,7.73692,66,4.63029,0,2.38409,4316,210322433542
60.1276,16.6313,29.3355,0,82,69,71,1511,875,7.70763,82,4.61007,0,2.37506,4331,211322487416
60.1061,16.6372,29.2135,0,81,69,71,1385,875,7.70199,78,4.59713,0,2.3608,4316,212322543724
60.1295,16.6308,28.0936,0,80,69,71,1349,875,7.70013,72,4.59162,0,2.35519,4308,213322603429
60.1647,16.621,28.6174,0,79,69,71,1226,875,7.70014,76,4.59243,0,2.35718,4316,214322656452
60.1009,16.6387,29.8077,0,81,69,71,1608,875,7.70015,81,4.6069,0,2.36804,4322,215322721597
60.0911,16.6414,28.4566,0,80,69,71,1439,875,7.70016,66,4.60563,0,2.37516,4316,216322786652
60.2245,16.6045,29.374,0,80,69,71,1377,875,7.70016,71,4.5995,0,2.3701,4317,217322849613
60.1279,16.6312,28.3172,0,80,69,71,1415,875,7.70016,70,4.58462,0,2.33644,4316,218322905971
60.1646,16.6211,28.3414,0,79,69,71,1288,875,7.70016,68,4.58894,0,2.34362,4316,219322960867
60.0042,16.6655,30.7074,0,82,69,71,1329,875,7.70932,83,4.59191,0,2.35059,4291,220323032314
60.1096,16.6363,31.25,0,81,69,71,1806,875,7.70356,81,4.60257,0,2.36417,4316,221323111585
59.9797,16.6723,28.433,0,82,69,71,1487,875,7.69788,80,4.60241,0,2.36412,4316,222323174536
60.1944,16.6129,31.3505,0,81,69,71,1614,875,7.69814,69,4.5945,0,2.35475,4292,223323230234
60.0485,16.6532,30.9562,0,82,69,71,1578,875,7.72802,83,4.58396,0,2.35577,4303,224323295930
60.1552,16.6237,29.2407,0,80,69,71,1437,875,7.71926,76,4.58707,0,2.35853,4318,225323359071
60.7506,16.4608,29.9035,0,79,69,71,1254,875,7.74314,73,4.58912,0,2.36226,4291,226323417834
60.0999,16.639,28.8493,0,80,69,71,1324,875,7.71045,76,4.58891,0,2.36036,4316,227323471047
60.1032,16.638,28.363,0,78,69,71,1566,875,7.72118,71,4.59756,0,2.36538,4316,228323522947
60.0979,16.6395,27.6873,0,79,69,70,1371,875,7.70575,67,4.59804,0,2.36454,4316,229323574767
60.0249,16.6598,27.9294,0,79,69,70,1382,875,7.71358,63,4.58294,0,2.35405,4316,230323630284
60.1018,16.6384,29.0584,0,81,69,70,1349,875,7.71394,74,4.58649,0,2.36092,4318,231323682776
60.1425,16.6272,28.4553,0,79,69,70,1472,875,7.65263,68,4.58737,0,2.36039,4316,232323737551
60.0667,16.6481,27.8992,0,79,69,70,1525,875,7.64516,68,4.58754,0,2.3606,4316,233323789882
60.1933,16.6131,29.2154,0,80,69,70,1509,875,7.64536,71,4.5873,0,2.35856,4316,234323844758
60.1953,16.6126,28.6872,0,81,69,71,1510,875,7.6925,76,4.60455,0,2.38161,4316,235323897710
60.1216,16.633,30.298,0,80,69,70,1401,875,7.65375,73,4.58284,0,2.35561,4316,236323952015
60.1254,16.6319,33.6554,0,80,69,71,1255,875,7.6539,74,4.62193,0,2.3626,4316,237324004706
60.1053,16.6375,26.9168,0,78,69,70,1621,875,7.65804,72,4.6367,0,2.38356,4330,238324062919
60.7848,16.4515,29.1667,0,80,69,71,1761,875,7.69576,75,4.62736,0,2.37538,4306,239324117494
60.0129,16.6631,29.9674,0,86,69,71,1683,875,7.69314,92,4.61955,0,2.37097,4291,240324171207
60.1813,16.6165,30.1766,0,83,69,71,1559,875,7.65779,84,4.61842,0,2.37072,4316,241324231263
60.105,16.6376,30.0485,0,82,69,71,1246,875,7.81356,82,4.61688,0,2.37271,4308,242324287331
60.0735,16.6463,27.9221,0,79,69,70,1366,875,7.79959,74,4.61719,0,2.37271,4306,243324342617
60.012,16.6633,28.0389,0,79,69,70,1600,875,7.72783,72,4.61678,0,2.37271,4316,244324393616
60.0691,16.6475,27.9935,0,80,69,71,1509,875,7.72798,74,4.61626,0,2.37271,4305,245324457739
60.0627,16.6493,29.1667,0,80,69,71,1538,875,7.72798,73,4.61486,0,2.37271,4314,246324538824
60.1765,16.6178,28.8925,0,80,69,71,1354,875,7.72798,73,4.61401,0,2.3718,4291,247324620080
61.0629,16.3765,31.8033,0,82,69,71,1567,875,7.73675,76,4.60715,0,2.36807,4308,248324900499
60.2734,16.5911,32.3577,0,82,69,71,1457,875,7.6181,80,4.60414,0,2.36609,4291,249325001912
60.175,16.6182,31.5359,0,80,69,71,1338,875,7.61314,77,4.60415,0,2.36514,4291,250325092014
60.1329,16.6298,32.0388,0,81,69,71,1678,875,7.62455,76,4.60445,0,2.36739,4297,251325174983
60.0611,16.6497,31.5961,0,80,69,70,1681,875,7.69213,72,4.60181,0,2.36929,4311,252325263632
59.8961,16.6956,31.5961,0,80,69,71,1450,875,7.69632,74,4.60059,0,2.36711,4291,253325346120
59.456,16.8192,32.2742,0,81,69,70,1519,875,7.72032,74,4.60381,0,2.37498,4292,254325436843
59.9142,16.6905,29.78,0,80,69,70,1384,875,7.73865,71,4.59331,0,2.37004,4293,255325535211
59.89,16.6973,30.8442,0,79,69,70,1416,875,7.70173,68,4.59518,0,2.36835,4316,256325617418
59.5714,16.7866,30.7443,0,81,69,70,1431,875,7.70673,75,4.59565,0,2.36861,4316,257325708732
59.8218,16.7163,30.9677,0,81,69,71,1291,875,7.7104,77,4.59481,0,2.37436,4316,258325747968
59.9179,16.6895,30.3777,0,80,69,70,1214,875,7.71338,71,4.59723,0,2.37092,4312,259325824355
59.8227,16.7161,31.8255,0,80,69,70,1318,875,7.70218,72,4.60091,0,2.37285,4323,260325901703
59.8897,16.6973,31.1582,0,79,69,70,1559,875,7.69117,74,4.59715,0,2.37067,4291,261325980954
59.8598,16.7057,29.7872,0,80,69,70,1559,875,7.67132,69,4.59891,0,2.36921,4301,262326056759
59.9272,16.6869,31.723,0,80,69,70,1540,875,7.69497,70,4.59715,0,2.36795,4316,263326139778
59.9016,16.694,32.047,0,80,69,70,1611,875,7.67451,68,4.59719,0,2.37047,4293,264326214992
59.7544,16.7352,31.2903,0,80,69,70,1483,875,7.71613,74,4.59879,0,2.36827,4291,265326290867
59.832,16.7135,31.068,0,79,69,70,1474,875,7.67061,74,4.59758,0,2.36718,4293,266326363757
59.7685,16.7312,30.4065,0,81,69,71,1548,875,7.70235,83,4.59822,0,2.36884,4293,267326447497
59.8471,16.7093,30.9061,0,80,70,71,1383,875,7.67163,76,4.60166,0,2.37451,4291,268326525025
59.8345,16.7128,29.8387,0,79,70,70,1258,875,7.67181,69,4.59704,0,2.37456,4316,269326602754
59.7658,16.732,28.7113,0,79,70,70,1341,875,7.73439,63,4.59949,0,2.37229,4316,270326686735
59.8755,16.7013,34.6667,0,78,70,70,1640,875,7.66911,71,4.63218,0,2.40455,4273,271326777187
59.8018,16.7219,31.4815,0,82,70,70,1692,875,7.70039,77,4.62946,0,2.39133,4291,272326854395
59.8882,16.6978,31.7152,0,80,70,70,1605,875,7.79085,73,4.63814,0,2.40157,4316,273326932124
59.9075,16.6924,28.8744,0,81,70,71,1368,875,7.75983,80,4.63413,0,2.39305,4300,274327011666
59.8967,16.6954,26.094,0,80,70,70,1388,875,7.69733,63,4.63342,0,2.38926,4316,275327091709
59.863,16.7048,28.433,0,80,70,70,1291,875,7.69944,61,4.65539,0,2.41592,4316,276327168746
60.368,16.5651,26.4516,0,79,70,70,1239,875,7.90348,63,4.6528,0,2.413,4316,277327225285
59.8647,16.7043,28.6179,0,81,70,70,1429,875,7.88534,74,4.62667,0,2.3912,4331,278327321669
59.9534,16.6796,28.9037,0,78,69,69,1323,875,7.76026,57,4.61089,0,2.36824,4304,279327401131
59.8458,16.7096,27.5974,0,80,69,69,1245,875,7.76034,55,4.60913,0,2.37156,4316,280327477277
59.8576,16.7063,28.6179,0,79,69,69,1345,875,7.76049,59,4.60748,0,2.37432,4316,281327554154
59.9044,16.6933,29.0584,0,79,69,69,1422,875,7.76105,69,4.60835,0,2.37731,4309,282327633736
59.8684,16.7033,29.6417,0,80,69,70,1258,875,7.76162,70,4.60771,0,2.37786,4292,283327711735
59.7982,16.7229,27.7597,0,79,69,70,1381,875,7.76208,70,4.60867,0,2.37944,4305,284327740131
59.1976,16.8926,30.0971,0,84,69,70,1065,875,7.7915,75,4.63567,0,2.3947,4291,285327819493
59.8826,16.6993,25.9804,0,78,69,69,1106,875,7.77979,50,4.63842,0,2.39648,4333,286327892343
60.247,16.5983,25.9319,0,79,69,68,1329,875,7.77979,50,4.62355,0,2.3843,4306,287327970352
59.8888,16.6976,29.0323,0,79,69,69,1368,875,7.77826,66,4.62506,0,2.38576,4316,288328046247
59.8677,16.7035,31.2709,0,81,69,69,1350,875,7.77467,70,4.63246,0,2.39191,4292,289328121662
59.9182,16.6894,31.9805,0,83,70,70,1388,875,7.77638,82,4.62609,0,2.38706,4299,290328195794
59.8399,16.7112,29.3355,0,79,70,70,1219,875,7.77646,68,4.63173,0,2.39816,4291,291328271038
59.9111,16.6914,29.5455,0,78,70,69,1079,875,7.77255,61,4.63173,0,2.39795,4293,292328348496
59.9473,16.6813,30.0813,0,79,70,69,1368,875,7.77783,69,4.62335,0,2.38654,4316,293328431244
59.853,16.7076,32.9011,0,81,70,70,1424,875,7.76407,77,4.60249,0,2.36136,4295,294328510265
59.8275,16.7147,29.8046,0,79,70,70,1326,875,7.72899,69,4.6064,0,2.356,4291,295328554531
59.8866,16.6982,28.0645,0,79,70,69,1195,875,7.72907,61,4.60505,0,2.35891,4296,296328598697
59.9521,16.68,28.6174,0,79,70,69,1419,875,7.72907,58,4.60389,0,2.35909,4316,297328678860
59.8831,16.6992,32.577,0,80,70,69,1701,875,7.8268,66,4.63501,0,2.40097,4291,298328754836
59.914,16.6906,30.0654,0,80,70,70,1485,875,7.82854,74,4.62608,0,2.38493,4301,299328840800
59.9122,16.6911,28.0389,0,80,70,69,1293,875,7.79338,65,4.6188,0,2.37348,4305,300328980495
59.8737,16.7018,28.0405,0,79,70,69,1336,875,7.84031,67,4.61882,0,2.37337,4315,301329055609
59.9332,16.6852,30.5057,0,82,70,70,1179,875,7.80737,82,4.61214,0,2.36567,4316,302329132185
59.8515,16.708,30.5556,0,78,70,69,1581,875,7.81158,69,4.61292,0,2.37065,4291,303329207299
59.9258,16.6873,30.6189,0,79,70,70,1238,875,7.80407,72,4.60558,0,2.37097,4291,304329281872
59.7651,16.7322,29.1803,0,79,70,69,1338,875,7.80499,70,4.59667,0,2.3658,4292,305329350464
59.9043,16.6933,30.7566,0,80,70,70,1648,875,7.80719,79,4.59986,0,2.3718,4291,306329426068
59.9408,16.6831,29.1734,0,80,70,70,1501,875,7.80651,71,4.61316,0,2.38187,4326,307329470264
59.8969,16.6954,28.479,0,79,70,69,1382,875,7.7889,68,4.61333,0,2.38152,4293,308329547251
60.0135,16.6629,30.0163,0,81,70,70,1639,875,7.84615,79,4.59038,0,2.3646,4294,309329622315
59.9205,16.6888,30.1146,0,83,70,70,1424,875,7.80114,79,4.59662,0,2.36512,4299,310329701096
59.9155,16.6902,30.6818,0,84,70,70,1437,875,7.80926,81,4.59872,0,2.36763,4308,311329784215
59.8703,16.7028,29.69,0,80,70,70,1459,875,7.80926,78,4.59825,0,2.36684,4296,312329861593
59.7053,16.7489,28.7805,0,82,70,70,1330,875,7.80926,79,4.59881,0,2.36623,4307,313329938740
59.891,16.697,28.1145,0,79,70,69,1441,875,7.79762,65,4.61078,0,2.38221,4297,314330017812
59.8233,16.7159,30.4839,0,81,70,70,1320,875,7.80981,82,4.59621,0,2.36728,4298,315330092034
59.8367,16.7122,27.6252,0,82,70,70,1227,875,7.8059,82,4.59672,0,2.36687,4309,316330172888
59.8185,16.7172,30.1303,0,79,70,69,1298,875,7.79035,58,4.59184,0,2.3657,4307,317330247471
59.8943,16.6961,30.4348,0,79,70,70,1570,875,7.79817,72,4.59243,0,2.36574,4293,318330323387
59.9324,16.6855,30.21,0,80,70,70,1562,875,7.80606,73,4.59267,0,2.36628,4291,319330373784
59.9171,16.6897,29.4686,0,79,70,70,1457,875,7.80613,72,4.59291,0,2.36588,4316,320330448808
59.9335,16.6852,33.6026,0,80,70,70,1328,875,7.80629,69,4.62846,0,2.39032,4320,321330524202
59.9186,16.6893,28.0389,0,80,70,69,1195,875,7.83752,61,4.6284,0,2.38843,4291,322330599306
59.8935,16.6963,26.7974,0,78,70,69,1125,875,7.83752,53,4.62626,0,2.38721,4303,323330672005
59.9174,16.6896,29.316,0,80,70,69,1271,875,7.86095,68,4.62768,0,2.39113,4293,324330745285
59.9092,16.6919,32.7181,0,81,70,69,1420,875,7.86095,72,4.64351,0,2.40102,4308,325330814638
59.8662,16.7039,34.3598,0,83,70,70,1254,875,7.94479,83,4.7076,0,2.4235,4291,326330890013
59.9386,16.6837,30.2589,0,78,70,70,1638,875,7.80049,75,4.67309,0,2.39989,4291,327330963043
58.6415,17.0528,33.7641,0,80,70,70,1540,875,7.73561,68,4.67259,0,2.42186,4316,328331035862
59.8756,16.7013,31.1037,0,80,70,69,1469,875,7.84912,68,4.70229,0,2.42743,4316,329331063607
59.7874,16.7259,29.4976,0,81,70,69,1472,875,7.7675,69,4.69355,0,2.42063,4291,330331137769
59.9053,16.693,31.7742,0,80,70,70,1431,875,7.70572,74,4.71317,0,2.4387,4316,331331209957
59.8896,16.6974,46.5574,0,79,70,69,1366,875,7.81084,66,4.84958,0,2.52911,4241,332331282356
59.8692,16.7031,33.2268,0,80,70,69,1374,875,7.91436,66,5.03273,0,2.58561,4312,333331356788
59.8999,16.6945,30.4569,0,80,70,69,1206,875,7.8113,61,4.99211,0,2.55481,4291,334331430680
59.996,16.6678,33.279,0,80,70,70,1553,875,7.76472,73,4.96704,0,2.52693,4316,335331503990
59.8854,16.6986,29.3624,0,79,70,69,1507,875,7.76877,68,4.95773,0,2.50348,4298,336331574776
59.9379,16.6839,32.6599,0,79,70,69,1306,875,7.73807,65,4.99142,0,2.52121,4291,337331645963
59.9478,16.6812,28.6179,0,79,70,69,1094,875,7.74173,60,4.99294,0,2.53624,4292,338331719824
59.9434,16.6824,31.129,0,79,70,69,1574,875,7.76554,60,4.98512,0,2.54564,4311,339331790630
60.52,16.5235,28.2353,0,80,70,69,1328,875,7.74064,59,4.98173,0,2.54576,4292,340331862868
59.9508,16.6803,34.7899,0,80,70,69,1244,875,7.77535,67,4.97925,0,2.55358,4317,341331936359
59.8798,16.7001,36.5539,0,83,70,69,1365,875,7.78139,77,5.00813,0,2.56267,4316,342332007936
59.8291,16.7143,31.401,0,81,70,69,1403,875,7.72493,70,4.9834,0,2.54515,4314,343332081237
59.7734,16.7299,32.4675,0,80,70,69,1180,875,7.73027,65,5.0069,0,2.56135,4291,344332140661
59.8822,16.6995,29.3076,0,79,70,69,1171,875,7.76086,57,4.98976,0,2.54645,4291,345332212488
59.5407,16.7952,30.3183,0,79,70,68,1137,875,7.75562,54,4.95421,0,2.51374,4292,346332277573
59.8574,16.7064,29.4976,0,78,70,68,1091,875,7.75639,55,4.96075,0,2.50231,4316,347332348079
59.8789,16.7004,27.7868,0,79,70,68,1013,875,7.75974,54,4.95387,0,2.50568,4292,348332420497
59.8568,16.7065,27.2269,0,78,70,68,1402,875,7.76172,54,4.94859,0,2.50615,4292,349332495401
59.8739,16.7018,27.5974,0,79,70,68,1276,875,7.76318,54,4.94405,0,2.50625,4293,350332572869
59.9001,16.6945,29.8507,0,79,70,68,1302,875,7.76447,54,4.91942,0,2.49349,4291,351332644406
59.8639,16.7046,27.1845,0,79,70,68,1200,875,7.73491,54,4.91451,0,2.49556,4313,352332717446
59.8587,16.706,28.0645,0,79,70,68,1115,875,7.73636,54,4.91224,0,2.49626,4316,353332788693
62.6209,15.9691,30.0654,0,80,70,68,1033,875,7.73938,55,4.90156,0,2.48807,4316,354332861502
59.6558,16.7628,36.8509,0,79,70,68,1588,875,7.77167,62,4.99308,0,2.54364,4269,355332936486
59.9049,16.6931,33.0551,0,80,70,69,1146,875,7.85852,68,4.99306,0,2.53635,4273,356333006280
59.7325,16.7413,32.8051,0,82,70,69,1576,875,7.96271,75,5.31228,0,2.55042,4316,357333077606
60.0273,16.6591,32.9094,0,74,70,67,1489,825,7.31816,55,5.89693,0,2.54449,4316,358333144124
60.0915,16.6413,33.6066,0,68,70,68,909,875,7.23887,60,5.92304,0,2.57162,4341,359333216933
29.9516,33.3872,29.1246,0,68,70,68,1515,875,7.25404,62,5.91576,0,2.57319,4316,360333336391
60.0543,16.6516,29.0268,0,69,70,68,962,875,7.26556,67,5.91188,0,2.57814,4300,361333412657
60.1443,16.6267,27.7311,0,71,70,68,1820,875,7.27651,65,5.91513,0,2.57228,4316,362333485827
20.8191,48.0328,28.7625,0,70,70,68,1098,875,7.28232,61,5.91698,0,2.57226,4316,363333555821
59.7964,16.7234,28.8052,0,68,70,68,942,875,7.2874,60,5.91417,0,2.57571,4316,364333625785
60.1048,16.6376,27.2879,0,72,70,68,1686,875,7.29535,52,5.90628,0,2.57071,4316,365333698294
59.8259,16.7152,26.8007,0,72,70,68,945,875,7.28491,53,5.90265,0,2.56846,4316,366333769090
23.3662,42.7969,27.8768,0,70,70,68,1189,875,7.25451,53,5.89621,0,2.56673,4291,367333840717
60.0002,16.6666,28.363,0,69,70,67,1258,875,7.25523,53,5.90447,0,2.57402,4292,368333880094
60.1054,16.6374,28.3784,0,67,70,68,1563,875,7.33456,64,5.89572,0,2.56789,4291,369333952482
31.1746,32.0774,29.1803,0,70,70,68,1060,875,7.26687,57,5.89365,0,2.57044,4316,370334024350
29.9344,33.4064,32.5658,0,71,70,67,1248,875,7.26857,54,5.84036,0,2.53397,4316,371334094965
27.5997,36.2323,31.0569,0,68,70,68,876,875,7.2715,65,5.8836,0,2.59069,4288,372334164258
60.118,16.6339,28.5476,0,72,70,67,1275,875,7.26967,51,5.86702,0,2.55759,4299,373334234914
60.0528,16.652,28.0757,0,75,70,68,948,875,7.27797,63,5.86139,0,2.55295,4326,374334306491
29.981,33.3544,27.5124,0,75,70,68,1812,875,7.27585,57,5.85987,0,2.55459,4332,375334376966
60.0801,16.6444,27.5578,0,73,70,67,853,875,7.281,52,5.85524,0,2.55446,4303,376334449034
59.8749,16.7015,29.6417,0,77,70,67,1755,875,7.28476,59,5.85093,0,2.55482,4316,377334533966
53.6495,18.6395,28.3871,0,70,70,68,899,875,7.33803,68,5.84804,0,2.55542,4291,378334668241
37.4488,26.7032,28.0672,0,71,70,68,1214,875,7.2898,61,5.84014,0,2.55356,4291,379334755979
60.1058,16.6373,29.7386,0,78,70,68,1274,875,7.29205,61,5.83617,0,2.5541,4316,380334826775
60.1474,16.6258,29.5798,0,78,70,68,1535,875,7.29721,66,5.8331,0,2.55383,4294,381334911476
60.077,16.6453,30.47,0,80,70,69,1486,875,7.34837,75,5.83224,0,2.55562,4292,382334987502
76.4789,13.0755,31.8255,0,80,70,68,1573,875,7.34699,67,5.81521,0,2.53211,4316,383335106007
60.4197,16.5509,33.6735,0,80,70,68,1535,875,7.34892,65,5.85052,0,2.54041,4299,384335186020
60.0793,16.6447,29.3423,0,80,70,68,1110,875,7.37135,68,5.86142,0,2.54048,4297,385335266083
60.1079,16.6367,31.1793,0,79,70,68,1366,875,7.3882,69,5.85771,0,2.53996,4316,386335344574
60.115,16.6348,34.3042,0,79,70,68,1580,875,7.41957,71,5.86248,0,2.54157,4292,387335428414
60.1623,16.6217,32.1486,0,79,70,68,1549,875,7.35309,67,5.86482,0,2.5436,4291,388335564031
60.1698,16.6196,30.3571,0,79,70,68,1509,875,7.35044,66,5.8556,0,2.53884,4314,389335624748
60.1155,16.6346,31.129,0,79,70,68,1409,875,7.35176,66,5.85361,0,2.53801,4266,390335705673
60.1592,16.6226,31.5705,0,79,70,68,1370,875,7.34925,64,5.85093,0,2.53828,4302,391336054631
60.0744,16.646,31.7742,0,79,70,68,1380,875,7.35054,64,5.85334,0,2.54436,4266,392336135516
60.1902,16.614,31.664,0,79,70,68,1383,875,7.35155,65,5.89426,0,2.56823,4292,393336261726
58.9379,16.967,40.3306,0,80,70,68,1805,875,7.53731,67,5.96664,0,2.60891,4341,394336319507
60.8029,16.4466,38.4228,0,81,70,68,1322,875,7.59285,68,6.00786,0,2.63113,4290,395336409319
60.2117,16.6081,35.3519,0,83,70,69,1693,875,7.76982,83,5.99868,0,2.6357,4291,396336484202
60.0903,16.6416,31.9739,0,82,70,69,1563,875,7.74918,79,5.99389,0,2.62958,4292,397336535571
60.1029,16.6381,37.9645,0,83,70,69,1771,875,7.76191,81,6.03118,0,2.67317,4266,398336616636
60.0756,16.6457,34.9026,0,86,70,69,1489,875,7.7767,88,6.00014,0,2.63541,4341,399336692131
60.1027,16.6382,41.206,0,86,70,70,1732,875,7.78247,92,6.03442,0,2.63771,4266,400337350841
60.2552,16.5961,35.1911,0,83,71,70,1728,875,7.69882,88,6.04047,0,2.64804,4291,401337429161
60.0851,16.6431,33.12,0,80,71,69,1466,875,7.68735,73,6.04193,0,2.64633,4293,402337524473
60.1358,16.629,32.4324,0,83,71,69,1609,875,7.69843,78,6.03711,0,2.64107,4327,403337599507
60.1636,16.6214,35.3618,0,83,71,70,1537,875,7.70445,87,5.99987,0,2.6324,4266,404337680151
60.1311,16.6303,31.1075,0,79,71,69,1401,875,7.68932,69,5.99798,0,2.63403,4291,405337753692
62.8805,15.9032,31.6045,0,80,71,69,1455,875,7.67017,69,5.95997,0,2.59391,4291,406337828595
60.1321,16.63,28.5016,0,79,71,69,1423,875,7.67048,67,5.94454,0,2.59832,4324,407337902607
60.1475,16.6258,27.8956,0,79,70,68,1271,875,7.67093,63,5.94299,0,2.602,4316,408337970607
59.6879,16.7538,30.4207,0,80,70,69,1243,875,7.67116,72,5.91997,0,2.58549,4313,409338042725
60.0838,16.6434,30.6425,0,76,70,68,1480,875,7.6717,66,5.91515,0,2.58961,4291,410338110365
60.0407,16.6554,32.1027,0,81,70,69,1092,875,7.61381,67,5.88837,0,2.55951,4295,411339455386
61.4993,16.2603,32.6633,0,79,70,69,1579,875,7.61763,76,5.86552,0,2.55016,4341,412339537683
59.902,16.6939,34.4426,0,87,70,70,1533,875,7.59391,95,5.85864,0,2.55124,4361,413339604070
59.8493,16.7086,29.0323,0,79,70,69,1245,875,7.525,72,5.85078,0,2.54813,4292,414339671510
59.8406,16.7111,28.7805,0,78,70,69,1497,875,7.52515,66,5.84739,0,2.5479,4308,415339740151
59.8219,16.7163,31.9328,0,82,70,69,1804,875,7.56496,76,5.84684,0,2.54757,4341,416339807571
59.7172,16.7456,32.3825,0,80,70,69,1666,875,7.59776,73,5.84358,0,2.54624,4291,417339876763
59.8837,16.699,29.0375,0,79,70,69,1362,875,7.59505,59,5.84477,0,2.54651,4291,418339953611
59.8703,16.7028,29.5161,0,79,70,68,1279,875,7.52826,59,5.84482,0,2.54642,4316,419340018615
59.8904,16.6972,29.4309,0,79,70,68,1285,875,7.52903,58,5.84278,0,2.54838,4316,420340085393
59.7844,16.7268,33.1179,0,82,70,69,1582,875,7.63819,78,5.83697,0,2.54747,4305,421340151110
59.692,16.7527,33.6039,0,83,70,70,1463,875,7.64352,84,5.85353,0,2.56008,4341,422340173374
59.7354,16.7405,32.3529,0,83,71,70,1419,875,7.63695,85,5.85717,0,2.56485,4341,423340240653
59.8987,16.6948,33.0113,0,83,71,70,1521,875,7.60462,89,5.85956,0,2.56211,4305,424340320927
59.7286,16.7424,33.6585,0,84,70,70,1522,875,7.6433,91,5.85685,0,2.56253,4290,425340389218
59.8217,16.7164,33.119,0,81,70,70,1544,875,7.61367,85,5.85458,0,2.55988,4291,426340454383
59.8523,16.7078,33.119,0,83,70,70,1488,875,7.65405,89,5.85298,0,2.56118,4291,427340503718
59.7624,16.7329,33.222,0,82,70,70,1444,875,7.65425,85,5.84133,0,2.55911,4291,428340565176
59.8594,16.7058,33.6,0,83,70,70,1395,875,7.65664,87,5.84592,0,2.56197,4291,429340633217
59.6991,16.7507,31.6583,0,83,70,70,1359,875,7.65712,83,5.82781,0,2.53795,4305,430340699464
60.0277,16.659,32.0661,0,81,70,70,1617,875,7.58305,80,5.82755,0,2.54284,4296,431340764689
60.0637,16.649,30.1948,0,81,70,70,1689,875,7.65811,81,5.82785,0,2.54638,4294,432340830806
60.1199,16.6334,29.5752,0,82,70,70,1540,875,7.61972,80,5.82825,0,2.54821,4316,433340898727
60.0657,16.6484,31.5534,0,83,70,70,1592,875,7.65913,86,5.82791,0,2.54149,4291,434340963691
60.2137,16.6075,28.8107,0,82,70,70,1575,875,7.62334,84,5.82681,0,2.54279,4310,435340984022
60.145,16.6265,28.0193,0,79,70,69,1369,875,7.58936,66,5.829,0,2.54516,4318,436341042435
60.116,16.6345,27.7868,0,80,70,69,1277,875,7.58936,66,5.82948,0,2.54527,4291,437341110405
60.1149,16.6348,31.9805,0,81,70,70,1412,875,7.65918,73,5.83136,0,2.54914,4291,438341181000
60.0786,16.6449,31.2704,0,82,70,70,1502,875,7.62425,83,5.8349,0,2.55119,4299,439341247558
60.3401,16.5727,31.7726,0,82,70,70,1650,875,7.66321,79,5.83562,0,2.55076,4291,440341313374
60.1625,16.6216,31.5436,0,81,70,70,1666,875,7.66435,78,5.84815,0,2.56036,4294,441341381756
60.1937,16.613,27.8049,0,79,70,69,1307,875,7.59423,58,5.84921,0,2.56086,4312,442341450237
60.1898,16.6141,27.6252,0,80,70,69,1279,875,7.59507,57,5.84684,0,2.55647,4291,443341520321
60.1579,16.6229,26.7101,0,79,70,69,1148,875,7.59522,55,5.84985,0,2.55647,4311,444341586949
60.1287,16.631,32.5464,0,81,70,70,1301,875,7.62725,80,5.84617,0,2.54993,4289,445341654519
60.0591,16.6503,32.0908,0,81,70,70,1417,875,7.62736,81,5.84254,0,2.54914,4266,446341719914
60.1489,16.6254,30.1459,0,80,70,70,1480,875,7.63078,77,5.84278,0,2.54928,4316,447341786883
60.1385,16.6283,27.3021,0,80,70,70,1185,875,7.65922,76,5.84325,0,2.54928,4316,448341874711
60.1681,16.6201,28.0936,0,78,70,69,1413,875,7.59672,60,5.84304,0,2.54902,4291,449341956687
60.2041,16.6102,26.5905,0,81,70,70,1501,875,7.62797,75,5.84333,0,2.5491,4294,450342026762
60.1204,16.6333,27.6206,0,79,70,69,1351,875,7.5968,61,5.85082,0,2.55527,4315,451342108057
60.3032,16.5829,27.027,0,79,70,69,1181,875,7.5968,61,5.84548,0,2.5493,4292,452342181858
60.1585,16.6228,29.5161,0,82,70,69,1362,875,7.59687,73,5.85194,0,2.5514,4292,453342249278
60.0963,16.64,32.0451,0,82,70,70,1725,875,7.631,84,5.85271,0,2.55138,4291,454342313080
60.2341,16.6019,32.2528,0,82,70,70,1726,875,7.66748,84,5.84932,0,2.55108,4291,455342380650
60.2591,16.595,26.7537,0,78,70,69,1375,875,7.59765,65,5.84986,0,2.54986,4316,456342449342
60.1952,16.6126,27.6596,0,80,70,69,1532,875,7.59781,64,5.84892,0,2.54959,4316,457342517352
60.0522,16.6522,32.4104,0,82,70,70,1768,875,7.63375,84,5.84568,0,2.5514,4291,458342585703
60.1834,16.6159,31.5359,0,81,70,70,1741,875,7.60261,80,5.8403,0,2.54832,4266,459342610052
60.0618,16.6495,32.0968,0,81,70,70,1522,875,7.5632,80,5.84739,0,2.55458,4292,460342679004
60.1217,16.6329,27.0358,0,81,70,70,1431,875,7.59898,82,5.84716,0,2.54963,4291,461342746684
60.0964,16.6399,31.6558,0,79,70,70,1481,875,7.63304,69,5.84528,0,2.54974,4291,462342811458
60.1283,16.6311,31.4239,0,82,70,71,1418,875,7.66907,78,5.84422,0,2.55153,4291,463342879799
60.1712,16.6193,30.8824,0,81,70,70,1352,875,7.63359,76,5.84809,0,2.55214,4313,464342947008
60.1684,16.62,32.9412,0,81,70,70,1303,875,7.63359,80,5.84417,0,2.54866,4296,465343014177
60.1602,16.6223,31.9739,0,81,70,71,1601,875,7.60032,77,5.8497,0,2.55251,4309,466343084873
60.1813,16.6165,32.2061,0,80,70,70,1398,875,7.60156,71,5.84367,0,2.54779,4292,467343162642
60.0941,16.6406,30.6321,0,80,70,70,1448,875,7.60306,75,5.84073,0,2.54797,4291,468343230432
59.9504,16.6805,32.0513,0,80,70,70,1543,875,7.60446,75,5.83506,0,2.54832,4291,469343297280
60.1436,16.6269,32.0325,0,80,70,70,1352,875,7.60449,77,5.83565,0,2.54821,4298,470343361593
60.1604,16.6222,31.068,0,79,70,70,1495,875,7.60463,72,5.83569,0,2.54828,4269,471343415107
60.1184,16.6339,31.6129,0,80,70,70,1605,875,7.65016,74,5.83558,0,2.54842,4275,472343630504
60.0065,16.6649,30.5195,0,79,70,70,1581,875,7.65047,72,5.83604,0,2.5481,4291,473343706199
60.2747,16.5907,31.7512,0,81,70,70,1475,875,7.65055,74,5.85378,0,2.56004,4309,474343957103
60.3319,16.575,33.4951,0,81,70,70,1571,875,7.64986,78,5.87878,0,2.55271,4293,475344030704
60.1669,16.6204,33.4416,0,81,70,70,1417,875,7.64336,75,5.88952,0,2.55607,4267,476344126036
60.11,16.6362,31.1793,0,80,70,70,1491,875,7.60902,71,5.89839,0,2.55424,4308,477344191191
60.056,16.6511,32.3151,0,79,70,70,1502,875,7.64068,69,5.89701,0,2.55474,4299,478344256747
60.1121,16.6356,32.4149,0,80,70,70,1471,875,7.64161,68,5.88202,0,2.55152,4266,479344280594
60.3166,16.5792,32.1667,0,79,70,70,1438,875,7.61121,72,5.88233,0,2.56108,4302,480344345319
60.1285,16.631,30.0325,0,80,70,70,1385,875,7.6436,68,5.88095,0,2.55815,4316,481344409863
60.3693,16.5647,32.5733,0,82,70,70,1317,875,7.64422,70,5.91603,0,2.59428,4243,482344476460
60.1653,16.6209,31.7073,0,83,70,70,1326,875,7.68125,81,5.96063,0,2.59084,4316,483344541976
60.1677,16.6202,31.5534,0,81,70,70,1346,875,7.67884,77,5.95855,0,2.59198,4298,484344610257
60.0978,16.6396,31.3953,0,82,70,71,1324,875,7.679,85,5.95628,0,2.58492,4294,485344676575
60.024,16.66,32.6892,0,81,70,71,1331,875,7.6793,79,5.95014,0,2.58367,4291,486344743904
60.196,16.6124,35.3323,0,84,70,71,1589,875,7.68511,85,5.94211,0,2.6031,4316,487344818116
60.2245,16.6045,32.5203,0,81,70,71,1267,875,7.7517,80,5.9547,0,2.60011,4306,488344914880
60.1313,16.6303,29.5608,0,79,70,70,1578,875,7.6811,74,5.97691,0,2.624,4302,489344986027
60.2155,16.607,28.2927,0,81,70,70,1385,875,7.70845,71,5.94182,0,2.59903,4303,490345070969
60.1737,16.6186,30.5691,0,82,70,70,1348,875,7.74441,82,5.93499,0,2.59104,4291,491345143628
60.1396,16.628,32.137,0,81,70,71,1370,875,7.7846,81,5.91991,0,2.58022,4303,492345289024
60.1949,16.6127,30.2521,0,80,70,70,1165,875,7.71316,72,5.90644,0,2.5705,4313,493345364779
60.1324,16.63,28.6634,0,79,70,70,1191,875,7.71316,68,5.89757,0,2.56355,4291,494345446034
60.1705,16.6194,27.5459,0,79,70,70,1595,875,7.71316,70,5.88785,0,2.56681,4315,495345514626
60.2739,16.5909,28.3414,0,80,70,70,1543,875,7.71316,69,5.88479,0,2.57731,4302,496345587516
60.1299,16.6307,25.938,0,80,70,70,1482,875,7.71316,68,5.86849,0,2.5744,4304,497345659714
60.1055,16.6374,26.1789,0,80,70,70,1384,875,7.71316,70,5.868,0,2.5733,4316,498345733736
60.1529,16.6243,26.7742,0,79,70,70,1329,875,7.71316,68,5.86636,0,2.57296,4291,499345806475
60.1298,16.6307,26.7311,0,79,70,70,1210,875,7.71316,67,5.85919,0,2.57219,4292,500345875788
60.1506,16.6249,30.0643,0,79,70,70,1554,875,7.74915,73,5.85661,0,2.57257,4303,501345904004
60.1663,16.6206,29.8701,0,80,70,70,1552,875,7.74978,75,5.85425,0,2.57022,4304,502345989166
60.1624,16.6217,30.1347,0,85,70,71,1562,875,7.7546,85,5.85446,0,2.57362,4314,503346061695
60.1665,16.6205,29.6596,0,79,70,70,1396,875,7.71562,69,5.86087,0,2.58049,4309,504346130758
60.1662,16.6206,29.8869,0,81,70,70,1284,875,7.71577,70,5.84893,0,2.57226,4280,505346198197
60.1672,16.6204,27.2876,0,80,70,70,1055,875,7.71592,67,5.84697,0,2.57244,4306,506346267490
60.1641,16.6212,27.1104,0,79,70,70,1099,875,7.71631,63,5.84526,0,2.57153,4306,507346336643
60.0402,16.6555,29.7254,0,79,70,69,1599,875,7.71631,65,5.85123,0,2.57509,4306,508346407819
60.1275,16.6313,31.129,0,81,70,70,1651,875,7.7524,78,5.85477,0,2.57527,4290,509346480639
60.1116,16.6357,27.9461,0,80,70,70,1481,875,7.7168,73,5.85454,0,2.57384,4306,510346549290
60.2034,16.6104,28.1407,0,79,70,70,1345,875,7.7168,68,5.86993,0,2.57981,4308,511346619094
59.7026,16.7497,29.5935,0,79,70,70,1314,875,7.7168,66,5.83135,0,2.54105,4297,512346686083
61.9833,16.1334,30.363,0,77,70,70,1534,875,7.7168,70,5.82892,0,2.51848,4292,513346933550
60.1728,16.6188,28.1301,0,81,70,70,1208,875,7.7168,72,5.79244,0,2.48858,4291,514347050453
60.2708,16.5918,27.7129,0,79,70,70,1486,875,7.65431,70,5.79195,0,2.49313,4316,515347213883
60.1327,16.6299,28.0201,0,80,70,70,1396,875,7.52931,72,5.79155,0,2.4938,4295,516347326176
60.1047,16.6376,30.7563,0,81,70,70,1560,875,7.50258,74,5.79778,0,2.5052,4290,517347392323
60.0849,16.6431,38.0488,0,82,70,70,1700,875,7.50274,77,5.81448,0,2.5122,4266,518347462468
60.1633,16.6214,56.9748,0,79,71,70,1435,875,7.51583,69,6.0013,0,2.57819,4192,519347542621
60.2272,16.6038,29.4023,0,79,71,70,1394,875,7.53536,64,5.99729,0,2.57515,4305,520347638083
60.5525,16.5146,42.132,0,79,71,69,1203,875,7.49967,55,6.05862,0,2.62983,4238,521347764343
60.1767,16.6177,29.2407,0,79,71,70,1272,875,7.62551,57,6.09335,0,2.69044,4314,522347846781
60.147,16.6259,30.2589,0,79,71,69,1107,875,7.66128,62,6.08865,0,2.69091,4292,523347932735
60.1002,16.6389,29.1057,0,79,71,70,1268,875,7.66128,68,6.08357,0,2.69852,4293,524348042704
60.1994,16.6115,30.47,0,79,71,70,1437,875,7.69268,72,6.07884,0,2.69987,4293,525348114802
60.107,16.637,29.2962,0,80,71,70,1575,875,7.66159,72,6.07211,0,2.70352,4291,526348192040
60.1593,16.6225,28.6179,0,79,71,70,1432,875,7.66212,67,6.07043,0,2.70716,4293,527348282633
60.2019,16.6108,29.4788,0,80,71,70,1520,875,7.66212,70,6.06474,0,2.70388,4291,528348368106
60.0825,16.6438,29.9353,0,80,71,70,1601,875,7.66227,68,6.06224,0,2.70388,4294,529348498294
60.1438,16.6268,34.1894,0,80,71,70,1464,875,7.66243,71,6.04103,0,2.69072,4291,530348582404
60.0695,16.6474,30.9061,0,81,71,70,1472,875,7.66273,77,6.02605,0,2.68572,4291,531348680251
60.2532,16.5966,35.3638,0,84,71,71,1768,875,7.62744,86,6.04474,0,2.72383,4242,532348759943
60.6015,16.5013,36.2416,0,87,71,72,1521,875,7.68517,96,6.04043,0,2.71219,4266,533348833003
60.1025,16.6382,33.2795,0,81,71,71,1522,875,7.70623,78,6.05584,0,2.71999,4309,534348906704
60.1811,16.6165,29.4118,0,82,71,71,1415,875,7.7081,86,6.0476,0,2.70648,4316,535348981267
60.219,16.6061,29.7078,0,79,71,70,1119,875,7.7081,70,6.04556,0,2.70614,4291,536349070808
60.1726,16.6189,30.8943,0,79,71,71,1372,875,7.7084,72,6.04369,0,2.70396,4293,537349146944
60.1652,16.6209,31.1075,0,83,71,71,1389,875,7.70871,86,6.04379,0,2.70515,4292,538349222839
56.4343,17.7197,30.6321,0,91,71,72,1828,875,7.6732,107,6.03999,0,2.70453,4293,539349326076
59.8759,16.7012,31.0116,0,98,71,73,1767,875,7.67464,113,6.03245,0,2.70636,4316,540349399396
60.1489,16.6254,30.2829,0,83,71,71,1419,875,7.6757,83,6.04432,0,2.70595,4291,541349469661
62.6772,15.9548,31.3233,0,80,71,71,1593,875,7.67908,77,6.04673,0,2.70994,4292,542349561617
60.0404,16.6554,31.4239,0,84,71,71,1431,875,7.80408,78,6.05534,0,2.71678,4291,543349637973
58.7832,17.0117,39.094,0,80,71,71,1383,875,7.77336,73,6.0779,0,2.72296,4266,544349886843
60.1103,16.6361,31.9468,0,84,71,71,1520,875,7.93366,85,6.09764,0,2.72989,4291,545349968960
60.2129,16.6077,31.1183,0,84,71,71,1505,875,7.83608,89,6.0921,0,2.72505,4291,546350032482
60.1637,16.6213,30.1794,0,80,71,71,1384,875,7.83616,75,6.09075,0,2.72542,4291,547350113156
60.0156,16.6623,30.5195,0,81,71,71,1320,875,7.86787,80,6.07533,0,2.71903,4296,548350189563
60.1244,16.6322,29.902,0,81,71,71,1245,875,7.83669,81,6.07066,0,2.71871,4290,549350259016
60.0553,16.6513,33.9837,0,79,71,71,1213,875,7.94233,76,6.07111,0,2.72649,4291,550350339379
60.1584,16.6228,28.4091,0,78,71,71,1415,875,7.86819,61,6.06454,0,2.72091,4312,551350411367
60.1209,16.6331,27.4062,0,80,71,70,1355,875,7.86819,58,6.05469,0,2.71659,4298,552350476933
60.3179,16.5788,31.7152,0,80,71,70,1668,875,7.86819,61,6.05501,0,2.72817,4320,553350584638
60.3145,16.5797,33.2248,0,80,71,70,1429,875,7.86819,66,6.00475,0,2.6932,4316,554350663619
60.186,16.6151,34.0836,0,79,71,70,1455,875,7.86849,65,6.0042,0,2.69124,4293,555350730979
60.1633,16.6214,32.899,0,79,71,70,1398,875,7.9,62,5.98884,0,2.67229,4341,556350807736
60.1246,16.6321,29.6721,0,79,71,70,1435,875,7.83776,59,5.93322,0,2.61173,4291,557350859536
60.1673,16.6203,30.1459,0,78,71,70,1685,875,7.68166,68,5.93419,0,2.6359,4291,558350935631
60.1876,16.6147,29.7907,0,82,71,70,1322,875,7.75588,68,5.93833,0,2.62569,4311,559351003381
60.0794,16.6446,31.4754,0,81,71,70,1445,875,7.81049,70,5.93845,0,2.62742,4298,560351100977
60.3614,16.5669,28.1759,0,79,71,69,1151,875,7.68182,50,5.9166,0,2.60686,4311,561351217960
60.2266,16.604,27.9869,0,80,71,69,1295,875,7.71309,58,5.91622,0,2.60393,4291,562351280089
60.0816,16.644,30.4918,0,79,71,70,1656,875,7.68209,65,5.92326,0,2.61193,4291,563351350023
60.0383,16.656,31.3312,0,80,71,70,1592,875,7.68224,76,5.92123,0,2.61211,4291,564351390662
57.2175,17.4772,36.3787,0,86,71,71,1366,875,7.85416,80,5.97549,0,2.63932,4316,565351455807
59.0949,16.9219,33.3333,0,83,71,71,1340,875,7.86164,76,5.95626,0,2.6178,4291,566351518448
59.9081,16.6922,28.8274,0,82,71,71,1259,875,7.79257,78,5.95633,0,2.6199,4292,567351582260
60.2824,16.5886,31.8792,0,82,71,70,1456,875,7.80306,67,5.94918,0,2.61609,4316,568351642667
59.7826,16.7273,32.3873,0,81,71,70,1427,875,7.77768,74,5.93155,0,2.60394,4316,569351705177
59.8161,16.7179,29.0113,0,79,71,70,1462,875,7.69263,61,5.9144,0,2.58697,4291,570351769791
59.8041,16.7213,27.656,0,79,71,70,1224,875,7.66138,54,5.91277,0,2.59143,4316,571351832581
59.9209,16.6887,31.5024,0,79,71,70,1209,875,7.68739,61,5.91401,0,2.59956,4291,572351894721
59.8797,16.7001,31.2081,0,79,71,70,1274,875,7.71176,71,5.91096,0,2.59126,4305,573351958543
59.8819,16.6995,29.9187,0,78,71,70,1065,875,7.67599,61,5.90842,0,2.58992,4296,574352035040
59.2742,16.8707,30.8442,0,79,71,69,1534,875,7.74301,64,5.90908,0,2.59092,4286,575352097690
59.8673,16.7036,29.6236,0,79,71,70,1434,875,7.75473,65,5.92531,0,2.61217,4291,576352167604
59.8822,16.6994,31.0789,0,80,71,70,1519,875,7.74301,70,5.9194,0,2.60551,4291,577352235244
59.8354,16.7125,31.0178,0,80,71,70,1401,875,7.743,70,5.90446,0,2.59476,4279,578352298676
60.116,16.6345,30.5825,0,79,71,70,1363,875,7.74301,62,5.904,0,2.59452,4291,579352365895
60.1687,16.6199,28.3414,0,79,71,70,1149,875,7.66171,64,5.90442,0,2.59829,4305,580352409650
60.094,16.6406,29.4498,0,78,71,69,960,875,7.63046,53,5.90752,0,2.59967,4304,581352489322
60.0485,16.6532,29.374,0,77,71,69,1546,875,7.66201,55,5.9038,0,2.59662,4305,582352550249
60.1232,16.6325,32.1429,0,81,71,70,1682,875,7.7017,78,5.90512,0,2.59744,4284,583352615765
60.3133,16.5801,30.6799,0,82,71,71,1346,875,7.67379,84,5.90561,0,2.59593,4266,584352678185
60.0725,16.6465,30.1613,0,79,71,70,1319,875,7.64256,65,5.90279,0,2.59444,4292,585352740715
60.094,16.6406,30.0161,0,78,71,70,1026,875,7.63865,67,5.90305,0,2.59519,4291,586352802875
60.1232,16.6325,31.2903,0,81,71,69,1507,875,7.70117,63,5.90473,0,2.59888,4315,587352863141
60.1773,16.6176,30.6321,0,78,71,69,1440,875,7.74422,64,5.93248,0,2.61644,4300,588352934588
60.1985,16.6117,29.4509,0,79,71,70,1558,875,7.75593,63,5.91755,0,2.60212,4300,589352991267
60.1791,16.6171,29.0997,0,80,71,69,1445,875,7.76374,64,5.9082,0,2.59568,4313,590353052855
60.2301,16.603,28.6634,0,80,71,69,1347,875,7.73249,63,5.90959,0,2.59834,4291,591353114183
60.1216,16.6329,29.5638,0,78,71,70,1257,875,7.69343,64,5.89066,0,2.5812,4314,592353162657
59.9968,16.6676,29.4509,0,81,71,69,1320,875,7.72468,68,5.9114,0,2.59721,4284,593353224927
60.1624,16.6217,28.9076,0,82,71,70,1414,875,7.72468,74,5.91046,0,2.59198,4291,594353286425
60.1684,16.62,28.2958,0,79,71,69,1430,875,7.72468,65,5.90188,0,2.58674,4312,595353364364
60.1566,16.6233,27.5806,0,79,71,69,1292,875,7.72468,60,5.90279,0,2.58814,4291,596353423418
60.1391,16.6281,28.0389,0,79,71,69,1286,875,7.77021,68,5.90135,0,2.58743,4309,597353482662
61.197,16.3407,28.7097,0,79,71,69,1254,875,7.72469,64,5.90491,0,2.59155,4291,598353545793
60.064,16.6489,29.8046,0,81,71,69,1222,875,7.72472,68,5.90814,0,2.59053,4292,599353607502
60.118,16.6339,31.401,0,80,71,70,1626,875,7.87378,75,5.93681,0,2.60663,4335,600353665293
59.9888,16.6698,30.9061,0,79,71,70,1410,875,7.72864,64,5.92782,0,2.59991,4291,601353724457
60.2117,16.6081,28.2468,0,81,71,70,1343,875,7.72474,76,5.92614,0,2.59539,4291,602353785554
60.1128,16.6354,29.7078,0,79,71,70,1294,875,7.72474,69,5.91755,0,2.59241,4291,603353846772
60.0544,16.6516,31.9739,0,79,71,70,1171,875,7.76053,72,5.91735,0,2.5988,4291,604353915113
60.1256,16.6318,30.1165,0,79,71,70,1399,875,7.7608,68,5.91716,0,2.59887,4299,605353975689
60.0729,16.6464,27.5168,0,79,71,69,1420,875,7.72503,56,5.90924,0,2.59484,4304,606354038059
58.4781,17.1004,33.9967,0,82,71,70,1807,875,7.76471,72,5.91799,0,2.59471,4290,607354104857
59.4542,16.8197,31.0231,0,81,71,70,1249,875,7.82308,68,5.91865,0,2.59707,4294,608354196242
62.0925,16.105,30.9365,0,79,71,70,1434,875,7.73385,65,5.92063,0,2.5943,4292,609354259894
59.9007,16.6943,31.1075,0,80,71,70,1272,875,7.74814,71,5.92301,0,2.59074,4291,610354328546
59.8623,16.705,29.2683,0,80,71,70,1109,875,7.667,66,5.92301,0,2.59089,4291,611354383903
59.8894,16.6975,29.0584,0,79,71,69,1458,875,7.63575,57,5.92325,0,2.59105,4291,612354444910
59.6547,16.7631,29.4023,0,80,71,69,1503,875,7.80616,62,5.92349,0,2.59123,4293,613354507650
59.6707,16.7586,33.3871,0,82,71,70,1764,875,7.6988,71,5.91866,0,2.59612,4295,614354571974
59.9902,16.6694,30.4065,0,79,71,69,1336,875,7.65928,67,5.92135,0,2.59671,4291,615354634835
59.8288,16.7144,30.7443,0,81,71,70,1533,875,7.70747,80,5.92359,0,2.59568,4291,616354669272
59.9103,16.6916,31.0569,0,79,71,70,1348,875,7.72633,74,5.92661,0,2.60998,4291,617354729247
59.9324,16.6855,35.3997,0,81,71,70,1387,875,7.70356,71,5.94818,0,2.61456,4291,618354790135
60.1344,16.6294,31.6054,0,79,71,69,1401,875,7.70356,67,5.9669,0,2.61366,4315,619354866932
59.9189,16.6892,31.1148,0,82,71,70,1352,875,7.70372,79,5.9799,0,2.62063,4269,620354926787
54.5107,18.345,41.1765,0,82,71,70,1344,875,7.89544,78,6.03132,0,2.65149,4266,621354994036
59.8827,16.6993,38.843,0,85,71,70,1328,875,7.96346,84,6.13225,0,2.72325,4316,622355070091
60.5429,16.5172,30.9836,0,82,71,70,1526,875,7.95034,83,6.16493,0,2.74191,4291,623355267034
60.0942,16.6406,32.3383,0,82,71,71,1533,875,7.89959,82,6.16242,0,2.7443,4294,624355330817
60.1039,16.6379,30.6189,0,84,71,71,1572,875,7.89515,92,6.15152,0,2.74503,4291,625355402925
59.9159,16.6901,37.3109,0,86,71,72,1508,875,7.95898,99,6.15118,0,2.79787,4241,626355465625
60.0979,16.6395,39.9345,0,83,71,69,1694,705,7.40836,64,6.45923,0,2.79326,4264,627355525961
59.908,16.6923,29.7209,0,83,71,71,1478,875,7.39292,81,6.47632,0,2.76795,4310,628355597388
59.928,16.6867,29.3831,0,83,71,71,1516,875,7.365,79,6.46463,0,2.76521,4285,629355661161
59.7985,16.7228,30.3716,0,80,71,70,1541,875,7.37963,76,6.45591,0,2.76537,4299,630355719543
59.8906,16.6971,29.5798,0,82,71,71,1358,875,7.38192,81,6.44925,0,2.76557,4291,631355784828
60.3469,16.5709,34.1098,0,79,71,71,1767,875,7.35633,71,6.45768,0,2.77894,4316,632355844333
59.8787,16.7004,34.4156,0,83,71,71,1252,875,7.52524,83,6.42452,0,2.76763,4280,633355911432
59.7728,16.73,34.3333,0,82,71,71,1238,875,7.54475,81,6.42308,0,2.76775,4310,634355972219
59.5833,16.7832,34.6341,0,84,71,71,1657,875,7.46083,88,6.42533,0,2.76682,4300,635356034128
59.5731,16.7861,34.0604,0,82,71,71,1686,875,7.46963,85,6.42082,0,2.77555,4291,636356095786
59.8648,16.7043,35.1525,0,85,71,71,1629,875,7.53112,91,6.4052,0,2.76448,4291,637356159058
59.8577,16.7063,33.0065,0,82,71,71,1775,875,7.44545,82,6.38234,0,2.75829,4317,638356202783
59.8761,16.7011,33.5548,0,81,71,71,1486,875,7.44255,83,6.37938,0,2.76254,4291,639356263860
59.7486,16.7368,31.3214,0,80,71,71,1513,875,7.4113,74,6.36941,0,2.75626,4293,640356324587
59.9188,16.6893,30.9061,0,81,71,71,1490,875,7.45079,72,6.3732,0,2.75606,4291,641356387267
59.8752,16.7014,30.2589,0,80,71,71,1452,875,7.45213,75,6.37303,0,2.75935,4291,642356448124
59.7919,16.7247,29.8217,0,80,71,71,1435,875,7.45213,71,6.36746,0,2.75547,4291,643356510214
59.877,16.7009,29.7561,0,83,71,71,1387,875,7.45213,79,6.36134,0,2.75506,4274,644356577092
59.7718,16.7303,32.8814,0,80,71,71,1393,875,7.528,76,6.36215,0,2.75797,4292,645356635685
59.8772,16.7008,32.3577,0,81,71,71,1341,875,7.53203,79,6.38576,0,2.77889,4266,646356699537
59.6633,16.7607,29.0164,0,83,71,71,1305,875,7.51962,83,6.36763,0,2.75796,4304,647356761767
59.8254,16.7153,31.664,0,79,71,71,1716,875,7.49442,74,6.36897,0,2.75535,4291,648356822013
59.8349,16.7127,30.1303,0,80,71,71,1192,875,7.46892,78,6.3656,0,2.75699,4280,649356883200
59.9469,16.6814,31.5526,0,80,71,71,1704,875,7.47055,77,6.36755,0,2.76163,4291,650356945881
59.8246,16.7155,31.3312,0,82,71,72,1764,875,7.47405,80,6.36366,0,2.75584,4293,651356997491
59.8007,16.7222,28.201,0,82,71,71,1539,875,7.43622,78,6.36609,0,2.75684,4291,652357060211
59.8733,16.7019,27.7597,0,80,71,71,1467,875,7.43622,72,6.36242,0,2.75423,4291,653357124104
59.8374,16.712,27.3463,0,80,71,71,1441,875,7.43622,73,6.36272,0,2.75673,4305,654357180272
59.8577,16.7063,27.8333,0,79,71,71,1141,875,7.43622,73,6.35968,0,2.75577,4303,655357241891
59.934,16.685,27.1812,0,79,71,71,1615,875,7.43622,67,6.35864,0,2.75567,4291,656357303519
59.8467,16.7094,29.085,0,81,71,71,1392,875,7.43622,76,6.35599,0,2.75524,4291,657357361511
59.8384,16.7117,30.7317,0,81,71,71,1485,875,7.45966,76,6.35036,0,2.75471,4291,658357422588
59.7941,16.724,32.0451,0,80,71,71,1581,875,7.46498,73,6.34062,0,2.75401,4291,659357483395
59.9296,16.6862,32.3333,0,80,71,71,1382,875,7.42954,72,6.34121,0,2.75465,4266,660357544743
59.7785,16.7284,30.9951,0,80,71,71,1494,875,7.43108,71,6.3388,0,2.75447,4291,661357606432
59.8346,16.7127,33.0632,0,81,71,71,1437,875,7.50821,76,6.3628,0,2.76373,4291,662357666036
60.1314,16.6302,33.1715,0,82,71,71,1420,875,7.51021,77,6.37148,0,2.76746,4291,663357731883
60.5853,16.5057,31.3725,0,80,71,71,1404,875,7.57106,73,6.35881,0,2.76587,4292,664357794844
59.8783,16.7005,31.1897,0,79,71,71,1326,875,7.50861,71,6.35168,0,2.7565,4291,665357854849
59.8086,16.72,30.4065,0,80,71,71,1098,875,7.43863,76,6.34901,0,2.75695,4291,666357914814
59.8432,16.7103,29.8046,0,78,71,71,1503,875,7.41626,67,6.34898,0,2.75939,4292,667357977485
59.8286,16.7144,30.9677,0,80,71,71,1368,875,7.42389,66,6.34499,0,2.75939,4291,668358038572
59.6973,16.7512,32.1429,0,81,71,71,1595,875,7.53901,76,6.34295,0,2.7583,4291,669358099499
59.8604,16.7055,30.4839,0,80,71,71,1536,875,7.53904,78,6.34291,0,2.76046,4299,670358160286
59.6933,16.7523,31.1793,0,82,71,71,1426,875,7.53717,77,6.34106,0,2.76063,4291,671358220933
59.8077,16.7202,30.9061,0,80,71,71,1479,875,7.53884,75,6.33606,0,2.76062,4297,672358281409
59.6999,16.7504,30.3541,0,80,71,71,1400,875,7.53884,74,6.3339,0,2.76063,4291,673358343428
59.7599,16.7336,30.8943,0,81,71,71,1419,875,7.53888,73,6.33435,0,2.76063,4280,674358404095
59.8463,16.7095,30.8562,0,80,71,71,1459,875,7.5389,73,6.33276,0,2.76063,4316,675358463890
59.8194,16.717,31.2399,0,79,71,71,1306,875,7.46924,71,6.33287,0,2.76054,4271,676358528785
59.8434,16.7103,31.1688,0,82,71,71,1551,875,7.54006,76,6.33287,0,2.76069,4292,677358590223
59.8334,16.7131,31.8108,0,81,71,71,1684,875,7.54045,78,6.30112,0,2.73104,4291,678358655598
59.8235,16.7158,29.1946,0,81,71,71,1357,875,7.54035,77,6.29712,0,2.73213,4291,679358716866
59.8134,16.7187,28.7338,0,80,71,71,1225,875,7.47795,76,6.29697,0,2.73258,4291,680358777723
59.8626,16.7049,28.5714,0,79,71,71,1414,875,7.47805,75,6.29695,0,2.73275,4291,681358838019
59.8402,16.7112,28.7338,0,80,71,71,1585,875,7.49736,76,6.29679,0,2.73278,4299,682358897784
59.8399,16.7112,30,0,80,71,71,1694,875,7.4781,78,6.29692,0,2.73385,4275,683358958291
59.8253,16.7153,31.877,0,83,71,72,1632,875,7.47812,83,6.32571,0,2.7458,4295,684359019298
59.8583,16.7061,29.6596,0,80,71,71,1446,875,7.4075,72,6.32549,0,2.74638,4291,685359080536
59.7961,16.7235,29.9353,0,80,71,71,1393,875,7.41232,74,6.32467,0,2.74638,4291,686359140771
59.8259,16.7152,28.8744,0,79,71,71,1236,875,7.41232,71,6.32312,0,2.74638,4313,687359207850
59.8878,16.6979,29.6296,0,79,71,71,1411,875,7.41232,70,6.32214,0,2.74635,4296,688359271312
59.7758,16.7292,31.0403,0,81,71,71,1368,875,7.41232,79,6.31807,0,2.75041,4291,689359343861
59.8364,16.7122,30.6947,0,81,71,72,1195,875,7.40795,76,6.31501,0,2.74654,4288,690359405850
59.8548,16.7071,28.6645,0,87,71,72,1588,875,7.44372,93,6.31791,0,2.74635,4291,691359469452
59.7593,16.7338,28.6179,0,80,71,71,1558,875,7.44372,72,6.31818,0,2.74989,4291,692359527915
59.8229,16.716,29.8333,0,80,71,71,1375,875,7.44372,67,6.32257,0,2.74914,4316,693359584644
59.8603,16.7056,31.891,0,84,71,71,1591,875,7.44373,84,6.32759,0,2.74685,4291,694359639410
59.8579,16.7062,31.3409,0,82,71,72,1464,875,7.40797,82,6.32737,0,2.74955,4292,695359699926
59.7261,16.7431,31.7742,0,81,71,72,1504,875,7.41557,83,6.32978,0,2.74723,4266,696359772004
59.7684,16.7312,36.0134,0,81,71,72,1387,875,7.41897,81,6.35035,0,2.75584,4243,697359841087
60.0016,16.6662,33.4443,0,80,71,72,1620,875,7.50698,79,6.3875,0,2.78154,4291,698359888068
59.804,16.7213,31.4935,0,80,71,71,1553,875,7.50176,76,6.38202,0,2.76273,4291,699359936431
59.8389,16.7115,31.0289,0,79,71,71,1736,875,7.50061,68,6.38502,0,2.76807,4291,700359998340
59.7814,16.7276,28.3082,0,80,71,71,1388,875,7.53638,65,6.38061,0,2.76909,4275,701360058546
59.8609,16.7054,29.7254,0,79,71,71,1359,875,7.5384,66,6.37451,0,2.76529,4291,702360118431
59.8354,16.7125,29.0323,0,79,71,71,1272,875,7.5384,63,6.36854,0,2.75677,4298,703360179208
59.8648,16.7043,29.0997,0,79,71,71,1179,875,7.5384,63,6.36842,0,2.7566,4292,704360241067
59.8328,16.7132,28.6408,0,79,71,71,1425,875,7.5384,64,6.36696,0,2.75688,4273,705360302836
59.8327,16.7133,28.4553,0,80,71,70,1356,875,7.5384,64,6.36605,0,2.75718,4291,706360365717
59.8487,16.7088,28.013,0,79,71,71,1308,875,7.5384,63,6.36132,0,2.75401,4291,707360425121
59.9227,16.6882,28.2137,0,79,71,71,1221,875,7.53868,63,6.35488,0,2.75409,4291,708360486008
59.7585,16.734,27.8317,0,79,71,70,1235,875,7.53868,63,6.35154,0,2.75422,4291,709360543529
59.829,16.7143,27.9032,0,79,71,70,1349,875,7.53868,64,6.34924,0,2.75422,4291,710360600529
59.8079,16.7202,28.1553,0,79,71,71,1408,875,7.53868,64,6.34689,0,2.75422,4291,711360662057
59.8871,16.6981,27.6846,0,80,71,71,1431,875,7.53868,64,6.34385,0,2.75422,4293,712360721311
59.8629,16.7048,27.9264,0,80,71,70,1361,875,7.53868,63,6.34293,0,2.75422,4291,713360785634
59.8099,16.7196,28.201,0,79,71,70,1276,875,7.53868,64,6.34162,0,2.75441,4291,714360843205
59.8548,16.7071,27.3616,0,79,71,70,1173,875,7.53868,63,6.33963,0,2.75428,4291,715360898051
59.7991,16.7226,27.4797,0,78,71,70,1419,875,7.53868,63,6.33492,0,2.75422,4291,716360952416
59.8191,16.7171,27.2727,0,79,71,70,1424,875,7.53868,63,6.33426,0,2.75422,4294,717361007632
59.8244,16.7156,26.5574,0,79,71,70,1325,875,7.53868,64,6.3302,0,2.75422,4293,718361064051
59.9124,16.691,28.0844,0,80,71,70,1292,875,7.53868,64,6.32826,0,2.75422,4291,719361122093
59.9219,16.6884,27.8317,0,79,71,70,1343,875,7.53868,63,6.32787,0,2.75422,4315,720361179503
59.8774,16.7008,28.3654,0,79,71,70,1253,875,7.53868,63,6.32891,0,2.75422,4290,721361235431
59.8408,16.711,27.4797,0,79,71,70,1314,875,7.54063,64,6.32907,0,2.75422,4296,722361292371
59.883,16.6992,27.3171,0,79,71,70,1407,875,7.54063,64,6.32902,0,2.75422,4293,723361321218
59.8674,16.7036,27.4959,0,79,71,70,1399,875,7.54063,63,6.32863,0,2.75422,4291,724361387855
59.8349,16.7127,27.1545,0,79,71,70,1348,875,7.54063,63,6.32969,0,2.75425,4291,725361443062
59.8912,16.6969,27.5527,0,80,71,70,1302,875,7.54063,64,6.32923,0,2.75425,4301,726361498308
59.8439,16.7101,27.5081,0,81,71,70,1100,875,7.54063,65,6.3297,0,2.75425,4291,727361555859
59.8594,16.7058,27.8523,0,79,71,70,1523,875,7.54063,64,6.32948,0,2.75428,4291,728361613851
59.8309,16.7138,28.9644,0,79,71,70,1432,875,7.54063,64,6.32863,0,2.75453,4291,729361670410
59.8701,16.7028,28.1301,0,80,71,70,1521,875,7.54063,64,6.32921,0,2.75455,4291,730361730245
59.8544,16.7072,27.9675,0,79,71,70,1370,875,7.54063,63,6.32646,0,2.75455,4314,731361787064
59.9153,16.6902,27.6699,0,79,71,70,1322,875,7.54063,63,6.32621,0,2.75455,4291,732361839686
59.8193,16.717,28.48,0,79,71,70,1251,875,7.54063,64,6.32567,0,2.75463,4291,733361896385
59.7923,16.7246,27.8502,0,79,71,70,1247,875,7.54063,63,6.32656,0,2.75434,4294,734361955208
59.9469,16.6814,28.433,0,79,71,70,1454,875,7.54063,64,6.3265,0,2.75434,4293,735362013480
59.8693,16.703,28.201,0,79,71,70,1374,875,7.54063,64,6.32643,0,2.75434,4304,736362022370
59.8422,16.7106,28.5024,0,79,71,70,1304,875,7.54063,63,6.32608,0,2.75434,4291,737362078648
59.8314,16.7136,27.9221,0,79,71,70,1149,875,7.54063,63,6.32699,0,2.75434,4291,738362139515
59.8411,16.7109,28.3172,0,79,71,70,1521,875,7.54063,63,6.327,0,2.75429,4291,739362196856
59.8975,16.6952,28.5714,0,78,71,70,1543,875,7.54063,63,6.31358,0,2.74598,4296,740362255779
59.7645,16.7323,28.3172,0,78,71,69,1470,875,7.54063,63,6.31388,0,2.74617,4291,741362313671
